{"ChastainPark": 0.076895969977806, "Kingswood": 0.27203329852765257, "MargaretMitchell": null, "MtParanParkway": null, "MtParan/Northside": null, "Paces": null, "PleasantHill": 0.25506630602053504, "RandallMill": null, "TuxedoPark": 0.025967931896948248, "WestPacesFerry": 0.28472887388692336, "WhitewaterCreek": 0.1880792053985335, "Brookhaven": 0.14847964395767946, "BuckheadForest": 0.039406613221818994, "BuckheadVillage": 0.20777047737527113, "EastChastainPark": null, "GardenHills": 0.1695771120742172, "Lenox": 0.04568417183612649, "Lindbergh": 0.10638471321956984, "Morosgo": 0.0338136009293, "NorthBuckhead": 0.21260709964039112, "PeachtreeHeightsEast": null, "PeachtreeHeightsWest": null, "PeachtreeHills": 0.06680426268662787, "PeachtreePark": 0.3112760106912245, "PineHills": 0.07966294625208489, "RidgedalePark": 0.000795293139938, "SouthTuxedoPark": null, "Arden": 0.10611844138189658, "Habersham": 0.2105757361850905, "ArgonneForest": 0.048928569083624925, "Brandon": 0.18550469540346176, "Castlewood": 0.23427969882237284, "ChanningValley": null, "CollierHills": 0.25067606278783683, "CollierHillsNorth": null, "ColonialHomes": 0.9935960724465001, "CrossCreek": 0.048384105230554114, "Fernleaf": 0.13069370042589332, "HanoverWest": 0.000197450037249, "MemorialPark": 0.22664374399258622, "PeachtreeBattleAlliance": null, "RidgewoodHeights": null, "Springlake": 0.0010209918903, "WesleyBattle": 0.24634924923229626, "Westminster": 0.13266001160709237, "Milar": 0.10169880366476473, "WestoverPlantation": null, "Wildwood": 0.07328310167038984, "Woodfield": 0.19977694100223972, "Wyngate": 0.160399547128675, "BerkeleyPark": 0.056962494708419256, "Blandtown": 0.319236232093545, "Bolton": 0.24435515455279577, "HillsPark": 0.0010380641119800717, "Riverside": 0.11805596568468792, "UnderwoodHills": 0.15036099967826416, "WhittierMillVillage": null, "AnsleyPark": 0.19907514395227924, "Ardmore": 0.21592429909797106, "AtlanticStation": 0.345239029551784, "Brookwood": 0.16135637276920559, "BrookwoodHills": 0.20855009209137362, "GeorgiaTech": 0.17385646696380944, "HomePark": 0.12008620947254785, "LoringHeights": 0.3472114924909623, "MariettaStreetArtery": null, "Midtown": 0.36211706861519793, "SherwoodForest": 0.2829244634246734, "AtkinsPark": 0.22511114767572007, "Lindridge": 0.09281435569303739, "MartinManor": 0.12647382801369608, "Morningside": 0.006771860457377792, "LenoxPark": 0.2659265170167895, "PiedmontHeights": 0.17904297771516833, "VirginiaHighland": null, "AlmondPark": 0.5645358639751367, "AtlantaIndustrialPark": null, "BoltonHills": 0.00254967684837, "BrookviewHeights": null, "CareyPark": 0.05752751113177225, "CarverHills": 0.001066302618095, "Chattahoochee": 0.2734812162736575, "EnglishPark": 0.012846769925542286, "LincolnHomes": 0.0213119333961775, "MonroeHeights": 0.039579088121025285, "Rockdale": 0.21467194274205478, "ScottsCrossing": 0.030315858123494, "WestHighlands": 0.28298106688449254, "Adamsville": 0.0764010683159354, "BakerHills": 0.00958467907842, "BakersFerry": null, "BankheadCourts": 0.015498008363457636, "Bankhead": 0.08963264844026556, "BoulderPark": 0.20288256782185446, "CarrollHeights": 0.021938939328618002, "FairburnHeights": 0.029507923481, "FairburnRoad/Wisteria Lane": null, "FairburnMays": null, "Mays": 0.11675581681403768, "Oakcliff": null, "OldGordon": 0.00712679972506, "RidgecrestForest": null, "WilsonMillMeadows": null, "WisteriaGardens": 0.05569857706848201, "AudobonForest": null, "AudobonForestWest": null, "BeecherHills": 0.19623452619062465, "CascadeHeights": 0.12048906033556785, "ChaletWoods": 0.22069243391134, "CollierHeights": 0.0967112630827996, "EastArdleyRoad": null, "FloridaHeights": 0.000172239938779, "GreenAcresValley": null, "GreenForestAcres": null, "HarlandTerrace": null, "HorseshoeCommunity": null, "IvanHill": 0.00399419144494, "MagnumManor": 0.008924152617936667, "PeytonForest": 0.32400516792409584, "RosalieHWrightCommunityCouncil": null, "WestManor": 0.32942115278464223, "Westhaven": 0.1705338607896, "WestwoodTerrace": 0.0003570407901645, "CenterHill": 0.138986458257709, "DixieHills": 0.1625528403981321, "GrovePark": 0.2053737364429237, "HarvelHomesCommunity": null, "PenelopeNeighbors": null, "WestLake": 0.998484284946, "HunterHills": 0.22194774451469076, "KnightPark": 0.2732351040242483, "HowellStation": 9.941771290434999e-05, "MozleyPark": 0.094374054161868, "WashingtonPark": 0.3769273984973873, "EnglishAvenue": 0.00385990844285, "VineCity": 0.35383027634867853, "CastleberryHill": 0.12927853427667083, "Downtown": 0.14733567741620335, "OldFourthWard": 0.3033976464577753, "SweetAuburn": 0.17811702425239462, "Cabbagetown": 0.16039257625166892, "CandlerPark": 0.33538368931416995, "DruidHills": 0.18737514476855877, "InmanPark": 0.024994886976612285, "LakeClair": 0.6021931780290001, "PonceyHighland": 0.04832435401804568, "Reynoldstown": 0.4026393372932675, "EastLake": 0.02962150553151, "Edgewood": 0.23484686257007892, "Kirkwood": 0.1987756029957113, "TheVillagesEastLake": null, "ArlingtonEstates": null, "AshleyCourts": 0.03260216703297944, "BenHill": 0.12530630693361308, "BenHillAcres": null, "BenHillForest": null, "BenHillPines": null, "BenHillTerrace": null, "Brentwood": 0.1549723201173633, "BriarGlen": 0.49121962759276255, "Butner": 0.22916500918251875, "Tell": 0.0196540474618, "CascadeGreen": 0.033015931974236336, "Deerwood": 0.11165474208610002, "ElmcoEstates": null, "Fairburn": 0.03856970750142468, "FairburnTell": null, "FairwayAcres": 0.009485812290180001, "GreenbriarVillage": null, "HeritageValley": 0.13804908664884255, "Huntington": 0.05095604497513884, "KingsForest": 0.2643855804606421, "LakeEstates": 0.12782358996416301, "MeadowbrookForest": null, "Mellwood": 0.21540251951251146, "MtGileadWoods": null, "NiskeyCove": null, "NiskeyLake": 0.00286658426913294, "OldFairburnVillage": null, "PrincetonLakes": 0.1107369208604176, "RueRoyal": 0.009088445958606667, "SandlewoodEstates": null, "TampaPark": 0.14502497854587157, "WildwoodForest": 0.50130203193949, "MidwestCascade": 0.021859892997903668, "RegencyTrace": null, "AdamsPark": 0.337922730440868, "CampbelltonRoad": 0.18550332456297555, "FortValley": 0.2887270170567668, "Greenbriar": 0.07925651488021157, "LaurensValley": null, "PamondPark": null, "Southwest": 0.001847090728855, "BushMountain": 0.6029576662443067, "CascadeAvenue": 0.056532845696628004, "CascadeRoad": 0.2584963907535962, "FortMcPherson": 0.11331459380878514, "OaklandCity": 0.20951707297266073, "VenetianHills": 0.15996983743274146, "WestmontEstates": null, "AshviewHeights": 0.05186308295137938, "AtlantaUniversityCenter": null, "HarrisChiles": 0.0005729029859265001, "JustUs": 0.21880812901269867, "TheVillagesatCastleberryHill": null, "WestEnd": 0.16552458358621633, "Westview": 0.20691080835363182, "AdairPark": 0.20307886506297357, "CapitolGateway": 0.17903173969727543, "Mechanicsville": 0.26011278906302765, "Peoplestown": 0.10509062871316838, "Pittsburgh": 0.1392270526116224, "Summerhill": 0.10705033760105911, "BenteenPark": 0.08435304809282501, "BoulevardHeights": null, "Custer": 0.2065693359409454, "McDonough": 0.21559907491905053, "Guice": 0.0812144152879814, "EastAtlanta": 0.27132454350706775, "GrantPark": 0.12038246854423133, "Oakland": 0.06623593343492924, "OrmewoodPark": 0.527555592788119, "StateFacility": 9.14625575182e-07, "WoodlandHills": 0.16061041481777347, "CapitolView": 0.25449623009287725, "CapitolViewManor": null, "HammondPark": 0.3921111319002371, "Perkerson": 0.1812639862263016, "SylvanHills": 0.2182444421701202, "AmalHeights": 0.038110519653161624, "BetmarLaVilla": null, "ChosewoodPark": 0.012260677929318715, "EnglewoodManor": 0.00044227759189199997, "HighPoint": 0.39886845399661774, "Joyland": 0.5055478197789374, "LakewoodHeights": 0.23979512843455716, "SouthAtlanta": 0.20303722469282096, "TheVillagesCarver": null, "BlairVilla": null, "PooleCreek": 0.0449110881327711, "BrownsMillPark": 0.04228649883977301, "GlenroseHeights": null, "Lakewood": 0.12616163689855958,