{"chastainpark": 0.05506283153215225, "kingswood": 0.05228700923075289, "margaretmitchell": null, "mtparanparkway": null, "mtparan/northside": null, "paces": 0.0536585364742031, "pleasanthill": 0.0566187805567, "randallmill": null, "tuxedopark": 0.050936437775130884, "westpacesferry": 0.09822662726959985, "whitewatercreek": 0.0566187805567, "brookhaven": 0.05300129204812135, "buckheadforest": 0.0566187805567, "buckheadvillage": 0.0566187805567, "eastchastainpark": null, "gardenhills": 0.13043924053066808, "lenox": 0.044643573213576704, "lindbergh": 0.07959313684864451, "morosgo": 0.045216190743, "northbuckhead": 0.10515844221544496, "peachtreeheightseast": null, "peachtreeheightswest": null, "peachtreehills": 0.13742239414070484, "peachtreepark": 0.1847713322887965, "pinehills": 0.056119232796539936, "ridgedalepark": 0.17902309424996618, "southtuxedopark": null, "arden": 0.155274930370285, "habersham": 0.17222568125467927, "argonneforest": 0.04119203489186375, "brandon": 0.1262401521000634, "castlewood": 0.14077256754493406, "channingvalley": null, "collierhills": 0.13704954001867775, "collierhillsnorth": null, "colonialhomes": 0.2261014506757683, "crosscreek": 0.05030972179671704, "fernleaf": 0.0896202930837165, "hanoverwest": 0.028455722288876748, "memorialpark": 0.17755063647315572, "peachtreebattlealliance": null, "ridgewoodheights": null, "springlake": 0.04145506932396432, "wesleybattle": 0.15148401489449811, "westminster": 0.09614116177656853, "milar": 0.06869278147199925, "westoverplantation": null, "wildwood": 0.15172536843363432, "woodfield": 0.09083403896852825, "wyngate": 0.1410177263970066, "berkeleypark": 0.08594950800077295, "blandtown": 0.19208078572042606, "bolton": 0.1356109011911663, "hillspark": 0.07464925037689021, "riverside": 0.10500560139552156, "underwoodhills": 0.08098410383895843, "whittiermillvillage": null, "ansleypark": 0.11983596654263873, "ardmore": 0.15109548413401097, "atlanticstation": 0.16771887808701832, "brookwood": 0.16088172418692379, "brookwoodhills": 0.15194202427668466, "georgiatech": 0.10128855190367257, "homepark": 0.12534396189926228, "loringheights": 0.16173931772483296, "mariettastreetartery": null, "midtown": 0.18425461809555008, "sherwoodforest": 0.13882137167069494, "atkinspark": 0.09605222701585542, "lindridge": 0.09049793269027534, "martinmanor": 0.1662125112202632, "morningside": 0.07335895433338574, "lenoxpark": 0.1354225516340076, "piedmontheights": 0.1794841740216624, "virginiahighland": null, "almondpark": 0.14094391945547077, "atlantaindustrialpark": null, "boltonhills": 0.029082693078317, "brookviewheights": null, "careypark": 0.10915385413025475, "carverhills": 0.141779972515701, "chattahoochee": 0.125781901030462, "englishpark": 0.12169461214068353, "lincolnhomes": 0.09907928465722254, "monroeheights": 0.06434129530983247, "rockdale": 0.12526082401048738, "scottscrossing": 0.13945522848523445, "westhighlands": 0.11414126481574453, "adamsville": 0.11634913997865574, "bakerhills": 0.275021821021455, "bakersferry": 0.46686765487585, "bankheadcourts": 0.07610936515329446, "bankhead": 0.15573286834073313, "boulderpark": 0.17504954555117963, "carrollheights": 0.03606853518581261, "fairburnheights": 0.04306335201885, "fairburnroad/wisteria lane": null, "fairburnmays": null, "mays": 0.3897467906472034, "oakcliff": 0.0812371880383038, "oldgordon": 0.2368425564633345, "ridgecrestforest": null, "wilsonmillmeadows": null, "wisteriagardens": 0.4449780760783501, "audobonforest": null, "audobonforestwest": null, "beecherhills": 0.8333373716000003, "cascadeheights": 0.7895181859296381, "chaletwoods": 0.8333373716, "collierheights": 0.7486165480983767, "eastardleyroad": null, "floridaheights": 0.8333373716, "greenacresvalley": null, "greenforestacres": null, "harlandterrace": null, "horseshoecommunity": null, "ivanhill": 0.05047060550609548, "magnummanor": 0.21298665241506473, "peytonforest": 0.7979183483062167, "rosaliehwrightcommunitycouncil": null, "westmanor": 0.8333373716000004, "westhaven": 0.8333373716000004, "westwoodterrace": 0.50322447285774, "centerhill": 0.16781044373107457, "dixiehills": 0.12491606757962444, "grovepark": 0.22132575396017526, "harvelhomescommunity": null, "penelopeneighbors": null, "westlake": 0.17239197793108046, "hunterhills": 0.006744173650412015, "knightpark": 0.006744173650412015, "howellstation": 0.04147012770357367, "mozleypark": 0.2080880045324406, "washingtonpark": 0.2663638127258577, "englishavenue": 0.41887828731251, "vinecity": 0.3836477994230606, "castleberryhill": 0.23782146119194997, "downtown": 0.15879938784551118, "oldfourthward": 0.21091264973276594, "sweetauburn": 0.14746144499955388, "cabbagetown": 0.2151694004041133, "candlerpark": 0.2462719357232644, "druidhills": 0.2782906199768523, "inmanpark": 0.25939962302510233, "lakeclair": 0.3455800387200803, "ponceyhighland": 0.07919172751065581, "reynoldstown": 0.20576624079661376, "eastlake": 0.4023217186009758, "edgewood": 0.18646612178780012, "kirkwood": 0.22389053582012863, "thevillageseastlake": null, "arlingtonestates": null, "ashleycourts": 0.08690513649860149, "benhill": 0.15121516353870162, "benhillacres": null, "benhillforest": null, "benhillpines": null, "benhillterrace": null, "brentwood": 0.12681489169963817, "briarglen": 0.38323281510953183, "butner": 0.13749508211355926, "tell": 0.10183683306942874, "cascadegreen": 0.18176727808966675, "deerwood": 0.11165474208610002, "elmcoestates": null, "fairburn": 0.042915941377153995, "fairburntell": null, "fairwayacres": 0.009485812290180001, "greenbriarvillage": null, "heritagevalley": 0.24417539372144884, "huntington": 0.14170788807024018, "kingsforest": 0.169862194853329, "lakeestates": 0.2603306160943809, "meadowbrookforest": null, "mellwood": 0.2393762338437527, "mtgileadwoods": null, "niskeycove": null, "niskeylake": 0.10314015879586629, "oldfairburnvillage": null, "princetonlakes": 0.1089979942596527, "rueroyal": 0.06901438404978245, "sandlewoodestates": null, "tampapark": 0.14567865746103228, "wildwoodforest": 0.41426986939302846, "midwestcascade": 0.021859892997903668, "regencytrace": null, "adamspark": 0.32104261069857587, "campbelltonroad": 0.24620097809346286, "fortvalley": 0.2129887969100378, "greenbriar": 0.1297388490473232, "laurensvalley": 0.0101295726024, "pamondpark": null, "southwest": 0.3747199932159955, "bushmountain": 0.49950003179748004, "cascadeavenue": 0.037759902894253, "cascaderoad": 0.23659786387024628, "fortmcpherson": 0.1298212280550192, "oaklandcity": 0.2666283368650748, "venetianhills": 0.12076017463386839, "westmontestates": null, "ashviewheights": 0.1947358585155656, "atlantauniversitycenter": null, "harrischiles": 0.0005729029859265001, "justus": 0.20006615551262263, "thevillagesatcastleberryhill": null, "westend": 0.2621028471980731, "westview": 0.2847650155075067, "adairpark": 0.2242910556481765, "capitolgateway": 0.1998882935549377, "mechanicsville": 0.2448342651758509, "peoplestown": 0.1970806960659058, "pittsburgh": 0.11719252055705537, "summerhill": 0.128427736883576, "benteenpark": 0.09005295886966043, "boulevardheights": null, "custer": 0.21168738750442645, "mcdonough": 0.16569756032101413, "guice": 0.19148451610619402, "eastatlanta": 0.1741169421596316, "grantpark": 0.16027243730916246, "oakland": 0.06131614911153696, "ormewoodpark": 0.30165458206262313, "statefacility": 0.49964126122528757, "woodlandhills": 0.24379207868006697, "capitolview": 0.24072037774251273, "capitolviewmanor": null, "hammondpark": 0.3477137672419167, "perkerson": 0.19591960376572465, "sylvanhills": 0.18932969835061442, "amalheights": 0.05963619596270889, "betmarlavilla": null, "chosewoodpark": 0.08858029269175031, "englewoodmanor": 0.00044227759189199997, "highpoint": 0.2824062247584332, "joyland": 0.42082366907285274, "lakewoodheights": 0.16168382563821668, "southatlanta": 0.1256450553663179, "thevillagescarver": null, "blairvilla": null, "poolecreek": 0.09886160289942253, "brownsmillpark": 0.1239906423239098, "glenroseheights": null,